{"cameraMode":{"drawMode":0,"name":"Shaded","section":"Shading Mode"},"sceneLighting":true,"audioPlay":false,"sceneViewState":{"m_AlwaysRefresh":false,"showFog":true,"showSkybox":true,"showFlares":true,"showImageEffects":true,"showParticleSystems":true,"showVisualEffectGraphs":true,"m_FxEnabled":true},"in2DMode":false,"pivot":{"x":2.117466688156128,"y":1.6879708766937256,"z":-0.253603994846344},"rotation":{"x":0.20945434272289277,"y":-0.7741729617118836,"z":0.32262560725212099,"w":0.5027918815612793},"size":0.09129270911216736,"orthographic":false}